id,description_fr
23649,"<p>Situées dans le charmant Pueblo Mascarat, ces villas exclusives offrent un cadre privilégié avec vue sur la mer. Avec seulement quatre propriétés disponibles, chaque villa est conçue pour offrir un style de vie luxueux et confortable. La proximité de la mer, à seulement 400 mètres, permet de profiter de la brise marine et d'un environnement naturel incomparable. Ces villas sont idéales pour ceux qui recherchent une maison dans un emplacement tranquille mais bien connecté, avec toutes les commodités modernes nécessaires pour une vie confortable et détendue.</p><p class=""title"">EXTÉRIEURS</p><p>Le design extérieur des villas à Pueblo Mascarat est pensé pour maximiser le plaisir de l'environnement naturel. Chaque villa dispose d'un jardin privé, parfait pour profiter de l'air libre dans une ambiance intime. Les terrasses spacieuses offrent un espace idéal pour se détendre ou recevoir des invités tout en profitant de la vue sur la mer. De plus, chaque propriété dispose d'une piscine privée, offrant un oasis personnel pour se rafraîchir lors des journées chaudes. L'inclusion d'un garage privé assure confort et sécurité pour les véhicules.</p><p class=""title"">INTÉRIEURS</p><p>L'intérieur des villas est équipé de toutes les commodités modernes pour assurer un confort maximal. Les propriétés disposent de quatre chambres et de l'option de trois ou quatre salles de bains, s'adaptant aux besoins de chaque famille. La technologie domotique permet de contrôler divers aspects de la maison de manière efficace. La climatisation et le chauffage par le sol garantissent une température agréable tout au long de l'année. Les appareils électroménagers haut de gamme et les placards intégrés complètent un équipement pensé pour faciliter la vie quotidienne. De plus, chaque villa est équipée d'un interphone vidéo et d'une station de recharge pour voitures électriques, reflétant un engagement envers la sécurité et la durabilité.</p><p class=""title"">ESPACES COMMUNS</p><p>Les espaces communs de la résidence à Pueblo Mascarat sont conçus pour compléter le style de vie exclusif des villas. Les résidents peuvent profiter d'une piscine communautaire, idéale pour socialiser et se détendre. Les espaces verts offrent un cadre agréable pour se promener et profiter de l'environnement naturel. Pour les amateurs de sport, le complexe dispose d'un terrain de padel et d'une salle de sport communautaire, offrant des options pour rester actif sans quitter la maison.</p>"
19716,"<p>Située dans la zone exclusive d'Altea, cette villa offre un cadre privilégié avec vue sur la mer. La propriété se trouve à seulement 3 km de la côte, permettant de profiter de la brise marine et d'une ambiance calme et relaxante. Conçue pour ceux qui recherchent une maison élégante et fonctionnelle, cette villa combine confort et style dans chacun de ses espaces. Avec une distribution bien pensée, elle est idéale pour les familles qui apprécient la confidentialité et le luxe dans un cadre naturel incomparable.</p><p class=""title"">EXTÉRIEURS</p><p>L'extérieur de la villa est conçu pour maximiser le plaisir du climat méditerranéen. Il dispose d'un jardin privé offrant un espace vert parfait pour la détente ou les activités de plein air. La terrasse est un endroit idéal pour profiter de la vue sur la mer et des couchers de soleil. De plus, la villa dispose d'un solarium, parfait pour bronzer en toute intimité. La piscine privée est un autre atout de cette propriété, offrant un espace rafraîchissant pour les journées les plus chaudes.</p><p class=""title"">INTÉRIEURS</p><p>L'intérieur de la villa est conçu avec des matériaux de haute qualité, tels que des sols en grès cérame, qui apportent une touche moderne et élégante. La maison dispose de quatre chambres, toutes avec placards intégrés, offrant un grand espace de rangement. Les quatre salles de bains sont équipées de finitions modernes. La cuisine est équipée d'appareils de dernière génération, et le système de climatisation garantit le confort en toutes saisons. De plus, la villa dispose d'un interphone vidéo pour plus de sécurité et de commodité.</p>"
22447,"<p>Située dans la belle ville de Calpe, cette villa exclusive offre un cadre privilégié à seulement 1 km de la mer. Conçue pour ceux qui recherchent une maison alliant luxe et confort, cette propriété est idéale pour profiter de la tranquillité et de la beauté de la Costa Blanca. La villa dispose de quatre chambres et quatre salles de bains, offrant un espace spacieux et confortable pour toute la famille. Son design architectural moderne et élégant est complété par des finitions de haute qualité, garantissant une expérience de vie exceptionnelle.</p><p class=""title"">EXTÉRIEURS</p><p>L'extérieur de la villa est conçu pour maximiser le plaisir du climat méditerranéen. Il dispose d'un jardin privé offrant un espace vert parfait pour se détendre ou profiter d'activités en plein air. La terrasse est un endroit idéal pour dîner en plein air ou simplement contempler la vue. De plus, la propriété comprend un solarium, parfait pour bronzer en toute intimité. La piscine privée est une véritable oasis, offrant un lieu rafraîchissant pour nager et se détendre pendant les chaudes journées d'été.</p><p class=""title"">INTÉRIEURS</p><p>L'intérieur de la villa est équipé de caractéristiques de luxe garantissant un confort maximal. Les sols en marbre ajoutent une touche d'élégance, tandis que le chauffage par le sol assure une température agréable toute l'année. La villa est entièrement meublée et équipée d'appareils haut de gamme, facilitant un déménagement sans tracas. Les volets électriques et le système domotique offrent un confort et une sécurité supplémentaires. De plus, la climatisation assure un environnement frais et confortable pendant les mois les plus chauds. Les placards intégrés dans les chambres offrent un espace de rangement généreux.</p>"
29057,"<p>Situées dans la charmante ville d'Orihuela, ces villas exclusives offrent un cadre privilégié pour ceux qui recherchent une maison sur la Costa Blanca. Chaque villa a été conçue pour offrir un maximum de confort et de fonctionnalité. La proximité de la mer, à seulement 300 mètres, permet de profiter de vues spectaculaires et d'un accès rapide aux plages. De plus, la distance à l'aéroport est de 50 kilomètres, facilitant les connexions internationales. Ces villas sont idéales pour ceux qui apprécient la tranquillité sans renoncer à la proximité des services et des activités de loisirs.</p><p class=""title"">EXTÉRIEURS</p><p>Le design extérieur des villas à Orihuela se distingue par son élégance et sa fonctionnalité. Chaque propriété dispose d'un jardin privé, parfait pour profiter du climat méditerranéen. La présence d'une piscine privée ajoute une touche de luxe et d'exclusivité, permettant de se rafraîchir et de se détendre dans le confort de la maison. Les terrasses, spacieuses et bien orientées, sont idéales pour les repas en plein air ou simplement pour se détendre en contemplant l'environnement. De plus, le solarium offre un espace supplémentaire pour bronzer et profiter des vues panoramiques sur les environs.</p><p class=""title"">INTÉRIEURS</p><p>L'intérieur des villas a été soigneusement conçu pour offrir un espace accueillant et moderne. Avec 3 chambres et 3 salles de bains, chaque villa offre un environnement spacieux et confortable pour toute la famille. Les placards intégrés dans les chambres optimisent l'espace de rangement, tandis que la pré-installation de la climatisation assure une ambiance agréable toute l'année. La cuisine est équipée d'appareils modernes, facilitant le quotidien.</p><p class=""title"">ESPACES COMMUNS</p><p>.</p>"
33167,"<p>Située dans la zone exclusive de Cumbre del Sol, cette villa offre un cadre privilégié avec vue sur mer. La propriété se trouve à seulement 0,5 km de la côte, permettant de profiter de la brise marine et d'un paysage spectaculaire. Conçue pour ceux qui recherchent une maison alliant confort et élégance, cette villa est idéale pour les familles qui apprécient la confidentialité et la proximité de la mer. Avec une distribution comprenant quatre chambres et six salles de bains, chaque espace a été pensé pour offrir le maximum de bien-être. La villa dispose de caractéristiques modernes telles que la domotique, la climatisation et le chauffage par le sol, assurant un environnement confortable toute l'année. Les finitions de haute qualité, comme le parquet, apportent une touche de distinction et de chaleur à chaque pièce.</p><p class=""title"">EXTÉRIEURS</p><p>L'extérieur de la villa est conçu pour profiter au maximum du climat méditerranéen. Il dispose d'un jardin privé offrant un espace vert pour se détendre ou pour que les enfants jouent en plein air. La terrasse est parfaite pour organiser des dîners en plein air ou simplement profiter de la vue sur mer. De plus, la villa dispose d'une piscine privée, idéale pour se rafraîchir pendant les journées chaudes. L'accès au garage offre commodité et sécurité pour le stationnement des véhicules. La proximité de la mer, à seulement 0,5 km, permet de profiter de promenades sur la plage ou de pratiquer des sports nautiques, faisant de cette villa un lieu parfait pour les amoureux de la mer.</p><p class=""title"">INTÉRIEURS</p><p>L'intérieur de la villa est conçu pour offrir un espace chaleureux et fonctionnel. Avec quatre chambres spacieuses, chacune avec des placards intégrés, la villa garantit suffisamment d'espace pour toute la famille. Les six salles de bains sont équipées de finitions modernes, offrant confort et style. La cuisine est équipée d'appareils de dernière génération, facilitant les tâches quotidiennes. Le système domotique permet de contrôler divers aspects de la maison, comme la climatisation et les volets électriques, de n'importe où. Le vidéophone ajoute un niveau supplémentaire de sécurité, permettant d'identifier les visiteurs avant d'ouvrir la porte. Chaque détail a été soigneusement sélectionné pour offrir une maison de luxe et de confort.</p><p class=""title"">ESPACES COMMUNS</p><p>La résidence offre des installations sportives pour le plaisir de ses résidents. Elle dispose d'un court de padel et d'un court de tennis, idéaux pour ceux qui aiment rester actifs et pratiquer des sports en plein air. Ces installations offrent un espace pour socialiser et profiter d'activités récréatives sans quitter le complexe, assurant un style de vie sain et actif.</p>"
32009,"<p>Située dans la charmante ville de Calpe, cette villa exclusive offre une expérience de vie inégalée. Avec un design architectural moderne et élégant, la propriété se trouve à seulement 0,9 km de la mer, permettant de profiter de la brise marine et de vues spectaculaires. La villa est conçue pour satisfaire les besoins les plus exigeants, offrant un environnement de confort et de luxe dans chaque recoin. Avec une distribution comprenant quatre chambres et cinq salles de bains, cette résidence est idéale pour les familles recherchant espace et intimité dans un cadre privilégié.</p><p class=""title"">EXTÉRIEURS</p><p>L'extérieur de la villa est conçu pour maximiser le plaisir du climat méditerranéen. Il dispose d'un jardin privé offrant une oasis de tranquillité et de beauté naturelle. La terrasse est parfaite pour se détendre en plein air ou organiser des réunions sociales, tandis que la piscine privée ajoute une touche de luxe et d'exclusivité, permettant de profiter d'une baignade rafraîchissante dans l'intimité de votre maison. La villa dispose également d'un garage, offrant confort et sécurité pour les véhicules.</p><p class=""title"">INTÉRIEURS</p><p>L'intérieur de la villa est équipé de caractéristiques de haute qualité garantissant un style de vie confortable et moderne. Les sols en grès cérame apportent une touche d'élégance et de durabilité. La villa est équipée de la climatisation pour assurer le confort en toutes saisons. Les volets électriques et le vidéophone ajoutent un niveau supplémentaire de confort et de sécurité. La domotique permet de contrôler divers aspects de la maison de manière efficace. De plus, la cuisine est équipée d'appareils modernes, et les placards intégrés dans les chambres offrent un vaste espace de rangement.</p>"
30718,"<p>Située dans le prestigieux Altaona Golf & Country Village, cette villa offre une expérience de vie exceptionnelle. À seulement 16 km de l'aéroport, l'accessibilité est l'un de ses points forts. La villa dispose de 4 chambres et 4 salles de bains, offrant un espace généreux pour le confort de toute la famille. La climatisation et le chauffage au sol assurent un environnement confortable toute l'année. De plus, les appareils électroménagers sont inclus, facilitant le déménagement et le début d'une nouvelle vie dans cet environnement privilégié.</p><p class='title'>EXTÉRIEURS</p><p>L'extérieur de la villa est conçu pour profiter pleinement du climat méditerranéen. Elle dispose d'un jardin privé, idéal pour des moments de détente ou pour profiter d'activités en plein air. La terrasse est parfaite pour des dîners en plein air ou simplement pour profiter de la vue et de la tranquillité de l'environnement. De plus, la villa dispose d'une piscine privée, offrant un espace exclusif pour se rafraîchir et profiter du soleil en toute intimité.</p><p class='title'>INTÉRIEURS</p><p>L'intérieur de la villa est conçu pour offrir un maximum de confort et de fonctionnalité. Les placards intégrés dans les chambres offrent un espace de rangement efficace, gardant les pièces ordonnées et dégagées. La disposition de 4 chambres et 4 salles de bains assure intimité et confort pour tous les membres de la famille. L'inclusion d'appareils électroménagers facilite la vie quotidienne, tandis que la climatisation et le chauffage au sol garantissent une ambiance agréable en toute saison.</p><p class='title'>ESPACES COMMUNS</p><p>La résidence dispose de vastes jardins, offrant un environnement vert et soigné qui complète la tranquillité et le bien-être de vivre à Altaona Golf & Country Village.</p>"
29087,"<p>Située dans la charmante ville d'Orihuela, cette villa exclusive offre un cadre privilégié pour profiter de la vie méditerranéenne. À seulement 300 mètres de la mer, la propriété permet de profiter de la brise marine et de vues spectaculaires. De plus, elle se trouve à 50 kilomètres de l'aéroport, facilitant l'accès pour ceux qui voyagent fréquemment. Cette villa est un choix idéal pour ceux qui recherchent une résidence dans un environnement calme et bien desservi.</p><p class=""title"">EXTÉRIEURS</p><p>L'extérieur de la villa est conçu pour maximiser le plaisir du climat méditerranéen. Il dispose d'un jardin privé, parfait pour se détendre ou profiter d'activités en plein air. La terrasse offre un espace supplémentaire pour les loisirs, idéal pour les dîners en plein air ou simplement pour profiter du soleil. De plus, la villa dispose d'un solarium, offrant un lieu exclusif pour bronzer en toute intimité. La construction de cette impressionnante piscine à débordement avec des parois en verre et son design ouvert garantissent un luxe maximal et des vues magnifiques. De plus, le grand solarium avec cuisine extérieure est à souligner.</p><p class=""title"">INTÉRIEURS</p><p>L'intérieur de la villa est soigneusement conçu pour offrir confort et fonctionnalité. Avec quatre chambres, la propriété est parfaite pour les familles ou pour recevoir des invités. Les trois salles de bains assurent confort et intimité pour tous les occupants. La villa est équipée de la climatisation, garantissant une température agréable toute l'année. Les placards intégrés offrent un vaste espace de rangement, maintenant l'ordre et l'organisation. De plus, la cuisine est équipée d'appareils modernes, facilitant les tâches quotidiennes.</p><p class=""title"">ESPACES COMMUNS</p><p>La résidence dispose d'espaces paysagers qui complètent l'environnement naturel, offrant des espaces communs pour le plaisir de tous les résidents.</p>"
4337,"<p>Situées dans la prestigieuse zone de Golf Bahía, ces villas exclusives offrent une expérience de vie inégalée. Avec seulement trois propriétés disponibles, chaque villa a été conçue pour maximiser le confort et l'intimité. L'emplacement est idéal pour ceux qui recherchent un environnement paisible sans renoncer à la proximité de la mer, située à seulement 10 km. Les villas offrent des vues imprenables sur la mer, permettant de profiter de la beauté de l'environnement depuis le confort de la maison. Ces propriétés sont parfaites pour les grandes familles ou pour ceux qui souhaitent des espaces spacieux, car elles offrent des options de 4 à 8 chambres et de 4 à 5 salles de bains, s'adaptant à divers besoins familiaux.</p><p class=""title"">EXTÉRIEURS</p><p>Le design extérieur des villas à Golf Bahía est tout simplement spectaculaire. Chaque propriété dispose d'un jardin privé, idéal pour profiter de l'air frais et organiser des réunions familiales ou entre amis. De plus, les villas incluent une terrasse qui offre un espace supplémentaire pour se détendre et profiter de la vue sur la mer. La présence d'une piscine privée dans chaque villa ajoute une touche de luxe et d'exclusivité, permettant aux résidents de profiter d'une baignade rafraîchissante dans l'intimité de leur maison. L'accès à un garage privé assure le confort et la sécurité des véhicules des résidents.</p><p class=""title"">INTÉRIEURS</p><p>L'intérieur des villas à Golf Bahía est conçu pour offrir un confort et une fonctionnalité maximaux. Les sols en céramique apportent une touche moderne et élégante à chaque pièce. Les villas sont équipées d'appareils électroménagers de haute qualité, garantissant que la cuisine et les autres zones de la maison sont pratiques et efficaces. La domotique intégrée permet un contrôle total des fonctions de la maison, de l'éclairage à la climatisation, améliorant le confort quotidien. Les volets électriques offrent un contrôle simple de la lumière naturelle et de la vie privée. Les placards intégrés dans les chambres offrent un espace de rangement généreux, maintenant l'ordre et l'organisation dans la maison.</p>"
32930,"<p>Située dans la prestigieuse zone de Cumbre del Sol, cette villa offre un cadre exclusif avec vue sur la mer. La propriété se trouve à seulement 0,8 km de la mer, permettant de profiter de la brise marine et de paysages impressionnants depuis le confort de votre maison. De plus, sa proximité avec l'aéroport, à 40 km, facilite l'accès aux connexions internationales, idéal pour ceux qui recherchent un refuge tranquille sans s'éloigner trop des commodités urbaines. La villa est conçue pour offrir un maximum de confort et de luxe, avec une distribution comprenant trois chambres et quatre salles de bains, s'adaptant parfaitement aux besoins d'une famille moderne ou de ceux qui recherchent un espace spacieux et accueillant pour recevoir des invités.</p><p class=""title"">EXTÉRIEURS</p><p>L'extérieur de la villa est pensé pour profiter au maximum du climat méditerranéen. Il dispose d'un jardin privé, parfait pour créer une oasis personnelle de tranquillité et de beauté naturelle. La terrasse est un espace idéal pour se détendre en plein air, organiser des dîners ou simplement profiter de la vue sur la mer. De plus, la villa dispose d'un solarium, un lieu privilégié pour prendre le soleil et profiter de moments de loisirs. La présence d'une piscine privée ajoute une touche de luxe, permettant de se rafraîchir lors des journées les plus chaudes et de profiter de moments de plaisir et de détente en famille ou entre amis.</p><p class=""title"">INTÉRIEURS</p><p>L'intérieur de la villa est équipé de caractéristiques de haute qualité garantissant confort et fonctionnalité. Les sols en grès cérame apportent une touche d'élégance et sont faciles à entretenir. La villa est équipée de la climatisation et du chauffage par le sol, assurant une température agréable toute l'année. Les volets électriques et le système domotique offrent confort et sécurité, permettant de contrôler efficacement divers aspects de la maison. La cuisine est équipée d'appareils modernes, facilitant les tâches quotidiennes. Les placards intégrés dans les chambres offrent un vaste espace de rangement, maintenant l'ordre et l'esthétique.</p><p class=""title"">ESPACES COMMUNS</p><p>La résidence offre divers espaces communs qui complètent l'expérience de vie dans cette villa. Les résidents peuvent profiter des espaces verts, idéaux pour des promenades tranquilles ou pour que les enfants jouent en plein air. De plus, elle dispose d'un court de padel, parfait pour les amateurs de sport et pour ceux qui souhaitent rester actifs sans quitter la maison. Le parking communautaire assure qu'il y a toujours de la place disponible pour les véhicules des résidents et de leurs visiteurs, ajoutant un niveau supplémentaire de confort et de sécurité.</p>"
14457,"<p>Située dans la charmante ville de Benisa, cette villa exclusive offre un cadre privilégié avec vue sur la mer. La propriété se trouve à seulement 400 mètres de la côte, permettant de profiter de la brise marine et de paysages impressionnants depuis le confort de votre maison. De plus, sa proximité avec l'aéroport, à seulement 20 kilomètres, garantit une excellente connexion pour les voyages nationaux et internationaux. Cette villa est idéale pour ceux qui recherchent un refuge tranquille sans renoncer à la proximité des services et des connexions de transport.</p><p class=""title"">EXTÉRIEURS</p><p>L'extérieur de la villa est conçu pour maximiser le plaisir du climat méditerranéen. Il dispose d'un jardin privé offrant un espace vert parfait pour se détendre ou pour des activités en plein air. La terrasse est un endroit idéal pour profiter de la vue sur la mer, que ce soit en prenant le soleil ou en dînant en plein air. De plus, la propriété comprend une piscine privée, parfaite pour se rafraîchir pendant les chaudes journées d'été. L'accès à un garage privé assure confort et sécurité pour les véhicules.</p><p class=""title"">INTÉRIEURS</p><p>L'intérieur de la villa est soigneusement réparti pour offrir un maximum de confort et de fonctionnalité. Il se compose de quatre chambres, chacune conçue pour offrir un espace chaleureux et privé. Les quatre salles de bains assurent confort et intimité pour tous les résidents. La villa est équipée de la climatisation, garantissant une atmosphère agréable tout au long de l'année. Les placards intégrés offrent un grand espace de rangement, maintenant l'ordre et l'organisation dans la maison.</p>"
33134,"<p>Située dans la prestigieuse zone de Cumbre del Sol, cette villa offre une expérience de vie exceptionnelle avec vue sur la mer. La propriété se trouve à seulement 0,5 km de la mer, permettant de profiter de la brise marine et de paysages impressionnants depuis le confort de la maison. Conçue pour répondre aux besoins les plus exigeants, cette villa combine élégance et fonctionnalité dans chaque recoin. Avec un design moderne et des finitions de haute qualité, elle est idéale pour ceux qui recherchent un refuge exclusif dans un environnement privilégié.</p><p class=""title"">EXTÉRIEURS</p><p>L'extérieur de la villa est conçu pour maximiser le plaisir de l'environnement naturel. Elle dispose d'un jardin privé offrant un espace parfait pour la détente et le divertissement en plein air. La terrasse est un lieu idéal pour profiter de la vue sur la mer et du climat méditerranéen. De plus, la villa dispose d'un garage, offrant confort et sécurité pour les véhicules. La proximité de la mer, à seulement 0,5 km, permet de profiter de promenades côtières et d'activités nautiques.</p><p class=""title"">INTÉRIEURS</p><p>L'intérieur de la villa est équipé de caractéristiques de luxe garantissant un confort maximal. Elle dispose de trois chambres et quatre salles de bains, offrant un espace spacieux et fonctionnel pour toute la famille. Les sols en porcelaine ajoutent une touche d'élégance, tandis que les volets électriques et le système domotique apportent confort et modernité. La climatisation est assurée par la climatisation et le chauffage au sol, créant une ambiance chaleureuse toute l'année. Les placards intégrés optimisent l'espace de rangement, maintenant l'ordre et l'esthétique.</p><p class=""title"">ESPACES COMMUNS</p><p>La résidence offre des installations sportives de premier ordre, y compris un court de padel et un court de tennis. Ces espaces communs sont conçus pour favoriser un style de vie actif et sain, offrant des espaces pour l'exercice et la socialisation dans un environnement sûr et bien entretenu.</p>"
32008,"<p>Située dans la charmante ville de Benissa, cette villa exclusive offre une expérience résidentielle unique. Avec une proximité de seulement 150 mètres de la mer, la propriété se trouve dans un emplacement privilégié permettant de profiter de la brise marine et de vues spectaculaires. Conçue pour répondre aux besoins les plus exigeants, cette villa dispose de quatre chambres et quatre salles de bains, offrant un espace spacieux et confortable pour toute la famille. La villa est idéale pour ceux qui recherchent une maison dans un environnement calme et pittoresque, sans renoncer aux commodités modernes.</p><p class=""title"">EXTÉRIEURS</p><p>L'extérieur de la villa est conçu pour maximiser le plaisir du climat méditerranéen. Il y a un beau jardin entourant la propriété, offrant un espace vert privé où se détendre ou profiter d'activités en plein air. La terrasse est parfaite pour des dîners en plein air ou simplement pour profiter de la vue sur la mer. De plus, la villa dispose d'un solarium, idéal pour bronzer dans un cadre privé. La présence d'une piscine privée ajoute une touche de luxe, permettant de se rafraîchir pendant les chaudes journées d'été. L'accès à un garage privé assure confort et sécurité pour les véhicules.</p><p class=""title"">INTÉRIEURS</p><p>L'intérieur de la villa est équipé de caractéristiques de haute qualité garantissant confort et fonctionnalité. La propriété dispose de la climatisation pour maintenir une température agréable toute l'année. Les placards intégrés dans les chambres offrent un espace de rangement généreux, tandis que le chauffage par le sol procure de la chaleur pendant les mois les plus froids. Les volets électriques et l'interphone vidéo ajoutent un niveau supplémentaire de confort et de sécurité. Chacune des quatre chambres est conçue pour offrir intimité et confort, avec des salles de bains attenantes assurant un espace personnel pour chaque membre de la famille.</p>"
30719,"<p>Située dans le prestigieux Altaona Golf & Country Village, cette villa offre un cadre exclusif et paisible. La propriété se trouve à seulement 16 km de l'aéroport, garantissant une excellente connectivité pour ceux qui voyagent fréquemment. Cette villa se distingue par son design moderne et fonctionnel, idéal pour ceux qui recherchent une maison alliant confort et style dans un cadre privilégié.</p><p class='title'>EXTÉRIEURS</p><p>La villa dispose d'un magnifique jardin et d'une grande terrasse, parfaits pour profiter du climat méditerranéen. De plus, elle possède une piscine privée, idéale pour se détendre et profiter de moments de loisirs en famille ou entre amis. Ces espaces extérieurs sont conçus pour offrir intimité et confort, en faisant l'endroit parfait pour profiter de la vie en plein air.</p><p class='title'>INTÉRIEURS</p><p>À l'intérieur, la villa offre quatre chambres et quatre salles de bains, offrant un espace généreux pour toute la famille. Elle est équipée de la climatisation et du chauffage par le sol, assurant un confort maximal tout au long de l'année. Les placards intégrés offrent un rangement efficace, tandis que les appareils de haute qualité complètent une cuisine moderne et fonctionnelle.</p>"
25439,"<p>Située dans la charmante localité de Benisa, cette villa exclusive offre une expérience de vie inégalée. Avec vue sur la mer, la propriété se trouve à seulement 3 km de la côte, permettant de profiter de la brise marine et de paysages impressionnants. Conçue pour ceux qui recherchent une maison alliant luxe et confort, la villa est un choix idéal pour les familles ou les personnes qui apprécient la vie privée et le style de vie méditerranéen. La construction se concentre sur la qualité et la fonctionnalité, assurant que chaque détail est pensé pour le plaisir et le confort de ses résidents.</p><p class=""title"">EXTÉRIEURS</p><p>L'extérieur de la villa est conçu pour maximiser le plaisir du climat méditerranéen. Il dispose d'un jardin privé offrant un espace vert pour se détendre ou pour des activités en plein air. La terrasse est parfaite pour profiter de repas en plein air ou simplement pour se détendre en contemplant le paysage. De plus, la villa dispose d'une piscine privée, idéale pour se rafraîchir lors des journées chaudes. Le garage offre un espace sécurisé pour le stationnement des véhicules, complétant les commodités extérieures de la propriété.</p><p class=""title"">INTÉRIEURS</p><p>L'intérieur de la villa est équipé de caractéristiques haut de gamme garantissant un style de vie moderne et confortable. Avec un total de 4 chambres et 5 salles de bains, la distribution est pensée pour offrir espace et intimité. Les sols en grès cérame apportent une touche d'élégance et de durabilité. La villa est équipée d'appareils de dernière génération et d'un système domotique facilitant le contrôle de diverses fonctions de la maison. Les volets électriques et l'interphone vidéo ajoutent un niveau supplémentaire de confort et de sécurité. De plus, le chauffage par le sol assure une ambiance chaleureuse et accueillante tout au long de l'année. Les placards intégrés offrent un rangement efficace, tandis que l'option de recharge pour voitures électriques reflète un engagement envers la durabilité et la modernité.</p>"
29088,"<p>Située dans la charmante ville d'Orihuela, cette villa exclusive offre un cadre privilégié pour ceux qui recherchent une résidence de luxe près de la mer. À seulement 300 mètres de la côte, cette propriété est idéale pour profiter de la brise marine et des vues imprenables. De plus, sa proximité avec l'aéroport, à seulement 50 kilomètres, facilite l'accès pour les voyageurs fréquents. Cette villa unique en son genre combine confort et élégance, offrant un foyer parfait pour les familles qui apprécient l'espace et l'intimité.</p><p class=""title"">EXTÉRIEURS</p><p>La villa dispose d'un design extérieur qui maximise le plaisir du climat méditerranéen. Elle possède un jardin privé, parfait pour se détendre ou pour que les enfants jouent à l'extérieur. La terrasse est un espace idéal pour les dîners en plein air ou simplement pour profiter du soleil. De plus, la propriété comprend un solarium, offrant un espace supplémentaire pour bronzer en toute intimité. Le joyau de l'extérieur est la piscine privée, qui offre une échappatoire rafraîchissante pendant les chaudes journées d'été. L'accès au garage assure confort et sécurité pour les véhicules.</p><p class=""title"">INTÉRIEURS</p><p>L'intérieur de la villa est conçu pour offrir un confort et une fonctionnalité maximaux. Avec quatre chambres et quatre salles de bains, chaque membre de la famille peut profiter de son propre espace privé. La villa est entièrement meublée, permettant un déménagement sans tracas. La cuisine est équipée d'appareils modernes, facilitant la préparation des repas. La climatisation garantit une atmosphère agréable toute l'année, tandis que les placards intégrés offrent un espace de rangement généreux. L'inclusion d'un vidéophone ajoute un niveau supplémentaire de sécurité et de commodité.</p><p class=""title"">ESPACES COMMUNS</p><p>La résidence dispose de zones paysagées qui offrent un environnement vert et paisible, idéal pour des promenades relaxantes ou pour profiter de la nature sans quitter la maison.</p>"
32986,"<p>Située dans la charmante ville de Teulada, cette villa offre un cadre privilégié avec vue sur la mer. Conçue pour ceux qui recherchent une résidence exclusive, la propriété se distingue par sa proximité avec la mer, à seulement 3 km. Cette villa est idéale pour ceux qui souhaitent profiter de la tranquillité sans renoncer aux commodités modernes. Avec une distribution comprenant 4 chambres et 4 salles de bains, chaque espace a été pensé pour offrir un maximum de confort et de fonctionnalité. La villa se présente comme une option unique pour ceux qui recherchent une maison dans un environnement naturel et serein, avec l'avantage d'être proche de la côte.</p><p class=""title"">EXTÉRIEURS</p><p>Les extérieurs de la villa sont conçus pour maximiser le plaisir du climat méditerranéen. Elle dispose d'un jardin privé offrant un espace vert pour se détendre ou profiter d'activités en plein air. La terrasse est parfaite pour contempler la vue sur la mer, tandis que la pergola offre un espace ombragé idéal pour les repas en plein air. De plus, la villa dispose d'une piscine privée, un élément essentiel pour se rafraîchir pendant les chaudes journées d'été. La présence d'un garage assure un espace de stationnement sécurisé pour les véhicules, complétant les commodités extérieures de cette résidence.</p><p class=""title"">INTÉRIEURS</p><p>L'intérieur de la villa est équipé de caractéristiques de haute qualité garantissant un style de vie confortable et moderne. Le sol en grès cérame apporte une touche élégante et durable aux espaces. La villa est équipée d'appareils modernes et d'un système domotique facilitant le contrôle de diverses fonctions de la maison. La climatisation est assurée par la climatisation et le chauffage au sol, offrant confort en toute saison. Les placards intégrés offrent un rangement efficace, gardant les espaces organisés et sans encombrement. Chacune des 4 chambres et 4 salles de bains est conçue pour offrir intimité et confort à ses occupants.</p>"
30713,"<p>Située dans le prestigieux Altaona Golf & Country Village, cette villa exclusive offre une expérience de vie inégalée. La propriété se trouve à seulement 16 km de l'aéroport, garantissant une excellente connectivité. Conçue pour ceux qui recherchent une maison alliant luxe et confort, cette villa est idéale pour les familles qui apprécient la vie privée et le style de vie sophistiqué. Avec une disposition comprenant quatre chambres et quatre salles de bains, chaque espace a été soigneusement pensé pour maximiser le confort et la fonctionnalité. La villa est équipée de la climatisation, du chauffage par le sol et d'appareils électroménagers haut de gamme, assurant une atmosphère accueillante tout au long de l'année.</p><p class='title'>EXTÉRIEURS</p><p>Les extérieurs de cette villa sont un véritable oasis de tranquillité. La propriété dispose d'un jardin privé, parfait pour profiter de moments en plein air dans un environnement naturel et serein. De plus, elle dispose d'une terrasse offrant un espace supplémentaire pour les loisirs et le divertissement. La piscine privée est un point fort de la villa, offrant un lieu idéal pour se détendre et profiter du climat méditerranéen. La pergola ajoute une touche d'élégance et de fonctionnalité, permettant de profiter de l'extérieur à tout moment de la journée.</p><p class='title'>INTÉRIEURS</p><p>L'intérieur de la villa est conçu pour offrir un maximum de confort et de style. Avec quatre chambres spacieuses, chacune avec des placards intégrés, la villa offre un espace généreux pour toute la famille. Les quatre salles de bains sont équipées de finitions modernes, assurant une ambiance luxueuse et confortable. L'inclusion d'appareils électroménagers de haute qualité dans la cuisine facilite les tâches quotidiennes, tandis que le système de climatisation et le chauffage par le sol garantissent une température agréable en toute saison.</p><p class='title'>ESPACES COMMUNS</p><p>La résidence dispose de vastes espaces verts qui complètent la beauté naturelle de l'environnement, offrant un espace commun où les résidents peuvent profiter de la nature et de la tranquillité.</p>"
8741,"<p>Située dans la charmante ville de Teulada, cette villa exclusive offre une expérience de vie inégalée. Avec vue sur la mer, la propriété se trouve à seulement un kilomètre de la côte, permettant de profiter de la brise marine et de paysages impressionnants. Cette villa est idéale pour ceux qui recherchent une maison alliant luxe et confort dans un environnement privilégié. La propriété dispose de cinq chambres et trois salles de bain, offrant un espace vaste et accueillant pour toute la famille. Chaque détail a été soigneusement conçu pour offrir un maximum de confort et de fonctionnalité.</p><p class=""title"">EXTÉRIEURS</p><p>L'extérieur de la villa est une véritable oasis de tranquillité. Il dispose d'un jardin privé qui invite à profiter de l'air libre dans un environnement naturel et relaxant. La terrasse est parfaite pour organiser des réunions en plein air ou simplement pour profiter d'un moment de paix en contemplant le paysage. De plus, la villa dispose d'une piscine privée, idéale pour se rafraîchir pendant les chaudes journées d'été. L'accès à la mer, à seulement un kilomètre de distance, permet de profiter des activités nautiques et des promenades sur la plage à tout moment.</p><p class=""title"">INTÉRIEURS</p><p>L'intérieur de la villa est conçu pour offrir un maximum de confort et de style. La propriété est équipée de la climatisation, assurant une température agréable tout au long de l'année. Les placards intégrés offrent un espace de rangement généreux, gardant la maison organisée et sans encombrement. La cuisine est équipée d'appareils modernes, facilitant les tâches quotidiennes et permettant de profiter de la cuisine dans un environnement fonctionnel et élégant. La distribution des espaces est pensée pour maximiser le confort et l'intimité de ses habitants.</p>"
9833,"<p>Située dans le charmant quartier d'El Mojón, cette villa exclusive offre une expérience de vie unique avec une vue imprenable sur la mer. La propriété se trouve à seulement 1 km de la côte, permettant de profiter de la brise marine et de promenades relaxantes sur la plage. De plus, sa proximité avec l'aéroport, à 42 km, facilite les déplacements internationaux, en faisant une option idéale tant pour une résidence permanente que pour des escapades de vacances. Cette villa est une opportunité exceptionnelle pour ceux qui recherchent une maison dans un environnement privilégié, avec toutes les commodités nécessaires pour profiter d'un style de vie luxueux et confortable.</p><p class=""title"">EXTÉRIEURS</p><p>L'extérieur de la villa est conçu pour maximiser le plaisir du climat méditerranéen. Il dispose d'un jardin privé qui offre un espace vert pour la détente et les loisirs. La terrasse est parfaite pour profiter de repas en plein air ou simplement se détendre en contemplant le paysage. De plus, la propriété comprend un solarium, idéal pour bronzer en toute intimité. La présence d'une piscine privée ajoute une touche de luxe, permettant de se rafraîchir lors des journées chaudes et de profiter de moments inoubliables avec famille et amis.</p><p class=""title"">INTÉRIEURS</p><p>L'intérieur de la villa est soigneusement conçu pour offrir un maximum de confort et de fonctionnalité. Avec un total de 5 chambres et 5 salles de bains, chaque espace est pensé pour offrir intimité et confort. Les sols en grès cérame apportent une touche d'élégance et sont faciles à entretenir. La villa est équipée d'appareils modernes, garantissant que tous les besoins quotidiens sont couverts. Les volets électriques et l'interphone vidéo ajoutent un niveau supplémentaire de sécurité et de confort. De plus, la propriété dispose d'un garage, offrant un espace sécurisé pour le stationnement des véhicules.</p>"
13451,"<p>Située dans la charmante ville de Benissa, cette villa exclusive offre une expérience de vie inégalée. Avec une vue sur la mer capturant l'essence de la Méditerranée, la propriété se trouve à seulement 2,2 kilomètres de la côte, permettant de profiter de la brise marine et de paysages impressionnants. Conçue pour ceux qui recherchent une maison alliant luxe et confort, cette villa est un choix idéal pour les familles ou les personnes qui apprécient la vie privée et l'environnement naturel. La villa dispose de quatre chambres et cinq salles de bains, offrant un espace spacieux et confortable pour tous les membres du foyer.</p><p class=""title"">EXTÉRIEURS</p><p>L'extérieur de la villa est conçu pour maximiser le plaisir du climat méditerranéen. Il dispose d'un jardin privé offrant une oasis de tranquillité et de beauté naturelle. La terrasse est l'endroit parfait pour se détendre ou recevoir des invités, tandis que la pergola offre un espace ombragé idéal pour les chauds après-midis d'été. Le joyau de l'extérieur est la piscine privée, qui invite à se rafraîchir et à profiter du soleil dans un cadre exclusif. De plus, le garage offre commodité et sécurité pour le stationnement des véhicules.</p><p class=""title"">INTÉRIEURS</p><p>L'intérieur de la villa est équipé de caractéristiques modernes garantissant un confort maximal. La propriété comprend la climatisation et le chauffage par le sol, assurant une température agréable toute l'année. Les appareils électroménagers de haute qualité sont intégrés dans le design, facilitant la vie quotidienne. La disposition de la villa est soigneusement planifiée, avec quatre chambres offrant intimité et espace personnel, et cinq salles de bains assurant le confort de tous les résidents. Le vidéophone ajoute un niveau supplémentaire de sécurité et de commodité.</p>"
32984,"<p>Situées dans la charmante ville d'Altea, ces villas exclusives offrent un environnement privilégié avec vue sur la mer. Avec seulement deux unités disponibles, chaque villa est conçue pour offrir un style de vie luxueux et confortable. La proximité de la mer, à seulement 3 km, permet de profiter de la brise marine et de paysages impressionnants. Ces villas sont idéales pour ceux qui recherchent une résidence dans un environnement calme et sophistiqué, avec toutes les commodités modernes.</p><p class=""title"">EXTÉRIEURS</p><p>Les extérieurs de ces villas à Altea sont conçus pour maximiser le plaisir de l'environnement naturel. Chaque villa dispose d'un jardin privé, parfait pour se détendre ou profiter d'activités en plein air. La présence d'une piscine privée ajoute une touche d'exclusivité, permettant de se rafraîchir lors des journées chaudes ou simplement de profiter d'une baignade dans l'intimité de son foyer. Les terrasses spacieuses offrent un espace supplémentaire pour les loisirs, idéales pour les dîners en plein air ou pour contempler la vue sur la mer.</p><p class=""title"">INTÉRIEURS</p><p>L'intérieur des villas est soigneusement conçu pour offrir un maximum de confort et de fonctionnalité. Avec quatre chambres et cinq salles de bains, chaque espace est optimisé pour le bien-être des résidents. Les villas sont équipées d'un système domotique facilitant le contrôle de diverses fonctions de la maison, assurant confort et efficacité. Les placards intégrés offrent un rangement pratique et élégant. De plus, elles disposent d'un garage privé, garantissant sécurité et commodité pour les véhicules des résidents.</p><p class=""title"">ESPACES COMMUNS</p><p>Les espaces communs de cette résidence incluent des zones paysagères qui complètent l'environnement naturel d'Altea. Ces espaces verts sont conçus pour offrir une atmosphère relaxante et agréable, où les résidents peuvent profiter de la nature et de l'air libre.</p>"
32983,"<p>Située dans la zone exclusive de Jávea, cette villa offre une expérience de vie unique en première ligne de mer. Avec des vues panoramiques sur la mer, la propriété se trouve à seulement 300 mètres de la côte, permettant de profiter de la brise marine et du son relaxant des vagues. Cette villa est idéale pour ceux qui recherchent une maison alliant luxe et confort dans un environnement privilégié. Avec un design architectural moderne, la villa s'intègre parfaitement dans le paysage, offrant un refuge de tranquillité et de confidentialité.</p><p class=""title"">EXTÉRIEURS</p><p>L'extérieur de la villa est conçu pour maximiser le plaisir du climat méditerranéen. Elle dispose d'un jardin privé qui entoure la propriété, offrant un espace vert pour la détente et les loisirs. La terrasse est un endroit parfait pour profiter de repas en plein air ou simplement se détendre en contemplant la mer. De plus, la villa dispose d'un solarium, idéal pour bronzer en toute intimité. La piscine privée est un autre atout, offrant un lieu rafraîchissant pour nager et profiter du soleil. La pergola ajoute une touche d'élégance et de fonctionnalité, offrant de l'ombre et un espace supplémentaire pour le divertissement en plein air.</p><p class=""title"">INTÉRIEURS</p><p>L'intérieur de la villa est conçu avec un accent sur le luxe et le confort. Elle dispose de quatre chambres, chacune avec son propre style et design, et de six salles de bains, assurant un confort maximal pour tous les résidents. La villa est équipée de la climatisation et du chauffage par le sol, garantissant une température agréable toute l'année. Les appareils électroménagers haut de gamme sont inclus, facilitant la vie quotidienne. Le système domotique permet de contrôler divers aspects de la maison de manière efficace. Les placards intégrés offrent un vaste espace de rangement, tandis que le sol en porcelaine ajoute une touche de sophistication et de facilité d'entretien. La villa dispose également d'un garage, offrant un espace sécurisé pour le stationnement des véhicules.</p>"
30707,"<p>Située dans le prestigieux Altaona Golf & Country Village, cette villa offre un cadre exclusif et paisible. Avec un design moderne et fonctionnel, la propriété s'adapte parfaitement aux besoins de ceux qui recherchent une maison dans un environnement naturel privilégié. La villa dispose de quatre chambres et quatre salles de bains, offrant un espace vaste et confortable pour toute la famille. La proximité de l'aéroport, à seulement 16 km, ajoute une valeur supplémentaire à cet emplacement stratégique, facilitant les déplacements et les voyages.</p><p class='title'>EXTÉRIEURS</p><p>L'extérieur de la villa est conçu pour profiter pleinement du climat méditerranéen. Elle dispose d'un jardin privé offrant un espace vert pour la détente et les loisirs. La terrasse est idéale pour profiter de repas en plein air ou simplement se détendre en fin de journée. De plus, la villa dispose d'une piscine privée, parfaite pour se rafraîchir pendant les chaudes journées d'été et profiter de moments de loisirs en famille ou entre amis.</p><p class='title'>INTÉRIEURS</p><p>L'intérieur de la villa est conçu pour offrir un maximum de confort et de fonctionnalité. Les quatre chambres sont équipées de placards intégrés, offrant un vaste espace de rangement. Les quatre salles de bains assurent confort et intimité pour tous les membres de la famille. La disposition des espaces intérieurs est conçue pour maximiser la lumière naturelle et créer une ambiance accueillante et moderne.</p><p class='title'>ESPACES COMMUNS</p><p>La résidence dispose de vastes espaces paysagers qui complètent l'environnement naturel de l'Altaona Golf & Country Village, offrant un espace supplémentaire pour le plaisir des résidents.</p>"
33168,"<p>Située dans la zone exclusive de Cumbre del Sol, cette villa offre un cadre privilégié avec vue sur la mer. La propriété, conçue pour ceux qui recherchent une maison de luxe, dispose de quatre chambres et cinq salles de bains, offrant un espace vaste et confortable pour toute la famille. La proximité de la mer, à seulement 0,5 km, permet de profiter de la brise marine et d'un environnement naturel incomparable. Cette villa est idéale pour ceux qui apprécient la confidentialité et le confort dans un cadre de haut niveau.</p><p class=""title"">EXTÉRIEURS</p><p>L'extérieur de la villa est conçu pour maximiser le plaisir du climat méditerranéen. Il dispose d'un jardin privé offrant un espace vert pour la détente et le divertissement. La terrasse est parfaite pour profiter de la vue sur la mer et organiser des réunions en plein air. De plus, la propriété comprend une piscine privée et un jacuzzi, idéaux pour se rafraîchir et se détendre pendant les journées ensoleillées. L'accès à la villa est complété par un garage, offrant confort et sécurité pour les véhicules.</p><p class=""title"">INTÉRIEURS</p><p>L'intérieur de la villa est équipé des commodités les plus modernes. Les sols en bois apportent chaleur et élégance aux espaces, tandis que le système de chauffage par le sol assure un confort optimal toute l'année. La villa dispose de la climatisation, garantissant une atmosphère agréable en toute saison. Les volets électriques et le système domotique permettent un contrôle efficace de la lumière et de la sécurité. La cuisine est équipée d'appareils haut de gamme, et les placards intégrés dans les chambres offrent un rangement pratique et stylé.</p><p class=""title"">ESPACES COMMUNS</p><p>La communauté offre des installations sportives de premier ordre, y compris un terrain de padel et un terrain de tennis. Ces espaces communs sont conçus pour promouvoir un style de vie actif et sain, offrant des espaces où les résidents peuvent profiter d'activités en plein air et socialiser avec d'autres membres de la communauté.</p>"
30717,"<p>Située dans le prestigieux Altaona Golf & Country Village, cette villa offre un cadre exclusif et paisible, idéal pour ceux qui recherchent un style de vie sophistiqué. Avec un design moderne et fonctionnel, la propriété s'adapte aux besoins de confort et d'élégance. La villa dispose de quatre chambres et quatre salles de bains, offrant un espace spacieux et confortable pour toute la famille. La proximité de l'aéroport, à seulement 16 kilomètres, ajoute une valeur significative pour ceux qui voyagent fréquemment.</p><p class='title'>EXTÉRIEURS</p><p>La villa se distingue par ses espaces extérieurs soigneusement conçus. Un jardin privé offre une oasis de tranquillité, parfait pour profiter du climat méditerranéen. La terrasse est idéale pour se détendre ou recevoir des invités, tandis que la piscine privée ajoute une touche de luxe, permettant de profiter d'une baignade rafraîchissante dans l'intimité de votre maison. Ces éléments extérieurs augmentent non seulement l'attrait visuel de la propriété, mais améliorent également la qualité de vie de ses résidents.</p><p class='title'>INTÉRIEURS</p><p>À l'intérieur, la villa est équipée de toutes les commodités modernes. La climatisation assure une ambiance agréable toute l'année. Les appareils électroménagers de haute qualité sont inclus, facilitant la vie quotidienne. Les placards intégrés offrent un espace de rangement efficace, gardant les espaces ordonnés et sans encombrement. De plus, le chauffage par le sol procure un confort supplémentaire pendant les mois les plus froids, assurant une ambiance chaleureuse et accueillante.</p><p class='title'>ESPACES COMMUNS</p><p>La résidence dispose de vastes zones de jardin, offrant un environnement vert et serein qui complète la beauté naturelle du lieu. Ces espaces communs sont conçus pour le plaisir de tous les résidents, offrant des espaces sûrs et bien entretenus pour se promener et se détendre.</p>"
17107,"<p>Située dans la charmante localité de Benisa, cette villa exclusive offre un cadre privilégié avec vue sur la mer. La propriété se trouve à seulement 2,7 km de la côte, permettant de profiter de la brise marine et d'une atmosphère calme et relaxante. Conçue pour répondre aux besoins les plus exigeants, cette villa est idéale pour ceux qui recherchent une maison dans un environnement naturel sans renoncer aux commodités modernes. Avec un design architectural qui maximise les vues et la lumière naturelle, cette propriété est un choix exceptionnel pour vivre sur la Costa Blanca.</p><p class=""title"">EXTÉRIEURS</p><p>La villa dispose d'un grand jardin privé, parfait pour profiter du climat méditerranéen. La terrasse est un espace idéal pour se détendre en plein air, organiser des dîners ou simplement profiter de la vue sur la mer. De plus, la propriété dispose d'une piscine privée, offrant une oasis de tranquillité et d'intimité. Le design extérieur est pensé pour s'intégrer harmonieusement à l'environnement, offrant un espace de détente et de plaisir en plein air.</p><p class=""title"">INTÉRIEURS</p><p>À l'intérieur, la villa offre un design moderne et fonctionnel. Avec quatre chambres et quatre salles de bains, chaque espace est soigneusement conçu pour offrir confort et intimité. Les chambres sont équipées de placards intégrés, offrant un vaste espace de rangement. La villa est équipée de la climatisation, assurant une atmosphère agréable toute l'année. La distribution comprend un garage, ajoutant commodité et sécurité à l'ensemble.</p>"
29105,"<p>Situées dans la belle localité de Finestrat, ces villas exclusives offrent un environnement privilégié avec vue sur la mer. Avec seulement deux propriétés disponibles, chaque villa est conçue pour offrir un style de vie luxueux et confortable. La proximité de la mer, à seulement 4 km, permet de profiter de la brise marine et de paysages impressionnants depuis le confort de votre maison. Ces villas sont idéales pour ceux qui recherchent une résidence alliant élégance et fonctionnalité dans un cadre naturel incomparable.</p><p class=""title"">EXTÉRIEURS</p><p>L'extérieur de ces villas à Finestrat est conçu pour maximiser le plaisir du climat méditerranéen. Chaque villa dispose d'un jardin privé, parfait pour se détendre ou profiter d'activités en plein air. La terrasse offre un espace supplémentaire pour le divertissement ou simplement pour profiter de la vue sur la mer. De plus, les villas sont équipées d'une pergola qui fournit de l'ombre et une touche esthétique à l'espace extérieur. La piscine privée est un luxe supplémentaire qui permet de se rafraîchir lors des journées chaudes, tandis que le solarium est idéal pour bronzer en toute intimité.</p><p class=""title"">INTÉRIEURS</p><p>L'intérieur des villas est soigneusement conçu pour offrir un maximum de confort et de fonctionnalité. Avec cinq chambres et quatre salles de bains, ces propriétés sont parfaites pour les familles ou pour recevoir des invités. La disposition comprend un garage, assurant un espace pour le stationnement et le stockage. Les finitions de haute qualité incluent des sols en grès cérame, qui apportent durabilité et style moderne. Les villas sont équipées d'appareils de dernière génération, de domotique pour un contrôle efficace de la maison, de la climatisation pour maintenir une température agréable toute l'année, et de chauffage au sol pour les mois les plus froids. Les placards intégrés offrent un vaste espace de rangement, gardant le design intérieur propre et ordonné.</p>"
22739,"<p>Située dans la charmante localité d'Orihuela, cette villa exclusive offre un cadre de vie exceptionnel. Conçue pour ceux qui recherchent une maison alliant confort et modernité, la propriété se distingue par son architecture contemporaine et ses finitions de haute qualité. Avec une disposition bien pensée, cette villa est idéale pour les familles qui apprécient l'espace et l'intimité. L'emplacement à Orihuela offre un environnement calme et résidentiel, parfait pour profiter de la vie sur la Costa Blanca.</p><p class=""title"">EXTÉRIEURS</p><p>L'extérieur de la villa est conçu pour maximiser le plaisir du climat méditerranéen. Il dispose d'un jardin privé offrant un espace vert idéal pour les loisirs et la détente. La terrasse est parfaite pour profiter de repas en plein air ou simplement se détendre au soleil. De plus, la villa dispose d'une piscine privée, offrant une oasis personnelle pour se rafraîchir pendant les chaudes journées d'été. Le garage privé assure confort et sécurité pour les véhicules, tandis que l'option de recharge pour voitures électriques ajoute une touche de modernité et de durabilité.</p><p class=""title"">INTÉRIEURS</p><p>L'intérieur de la villa est équipé de caractéristiques haut de gamme garantissant un style de vie confortable et moderne. Avec trois chambres et trois salles de bains, la disposition est idéale pour les familles ou pour recevoir des invités. Les sols en grès cérame apportent une touche élégante et sont faciles à entretenir. La villa est équipée de la climatisation et du chauffage par le sol, assurant une ambiance agréable tout au long de l'année. Les volets électriques et le système domotique offrent confort et contrôle total de la maison. Les appareils de cuisine sont inclus, facilitant la vie quotidienne dès le premier jour. Les placards intégrés dans les chambres offrent un espace de rangement généreux.</p>"
33097,"<p>Située dans la zone exclusive de Cumbre del Sol, cette villa offre une expérience de vie unique avec des vues imprenables sur la mer. Conçue pour ceux qui recherchent confort et luxe, la propriété se trouve à seulement 0,5 km de la mer, permettant de profiter de la brise marine et du son relaxant des vagues. La villa dispose de six chambres et sept salles de bains, offrant un espace ample et fonctionnel pour toute la famille. L'intégration de technologies modernes, telles que la domotique et la climatisation, assure un environnement confortable et efficace.</p><p class=""title"">EXTÉRIEURS</p><p>L'extérieur de la villa est conçu pour maximiser le plaisir de l'environnement naturel et des vues sur la mer. La propriété comprend un jardin privé, parfait pour se détendre ou profiter d'activités en plein air. La vaste terrasse offre un espace idéal pour des dîners en plein air ou simplement pour contempler le paysage. De plus, la villa dispose d'une piscine privée, qui devient l'endroit parfait pour se rafraîchir pendant les chaudes journées d'été. L'accès à un garage privé offre un confort et une sécurité supplémentaires pour les résidents.</p><p class=""title"">INTÉRIEURS</p><p>L'intérieur de la villa est équipé de caractéristiques de haute qualité garantissant une expérience de vie luxueuse et confortable. Les six chambres sont conçues pour offrir intimité et confort, tandis que les sept salles de bains assurent que chaque membre de la famille dispose de son propre espace. La villa est équipée d'appareils modernes et de volets électriques, facilitant le quotidien. Les placards intégrés offrent un espace de rangement généreux, gardant la maison organisée et sans encombrement.</p><p class=""title"">ESPACES COMMUNS</p><p>La villa fait partie d'un complexe offrant des installations sportives de premier ordre. Les résidents peuvent profiter d'un court de padel et d'un court de tennis, idéaux pour rester actifs et socialiser avec d'autres voisins. Ces installations ajoutent une valeur significative à la propriété, offrant des options de divertissement et d'exercice sans avoir à quitter le complexe.</p>"
